{"meta": {"great_expectations_version": "0.13.26", "expectation_suite_name": "taxi.sopas", "run_id": {"run_time": "2021-08-12T19:14:16.211079+00:00", "run_name": "20210812-191416-my-run-name-template"}, "batch_spec": {"path": "/home/fsantos/GitRepos/ge_tutorials/great_expectations/../data/yellow_tripdata_sample_2019-02.csv"}, "batch_markers": {"ge_load_time": "20210812T181416.548033Z", "pandas_data_fingerprint": "88b447d903f05fb594b87b13de399e45"}, "active_batch_definition": {"datasource_name": "data__dir", "data_connector_name": "default_inferred_data_connector_name", "data_asset_name": "yellow_tripdata_sample_2019-02.csv", "batch_identifiers": {}}, "validation_time": "20210812T181416.573359Z"}, "success": false, "results": [{"meta": {}, "success": true, "result": {"observed_value": ["vendor_id", "pickup_datetime", "dropoff_datetime", "passenger_count", "trip_distance", "rate_code_id", "store_and_fwd_flag", "pickup_location_id", "dropoff_location_id", "payment_type", "fare_amount", "extra", "mta_tax", "tip_amount", "tolls_amount", "improvement_surcharge", "total_amount", "congestion_surcharge"]}, "exception_info": {"raised_exception": false, "exception_traceback": null, "exception_message": null}, "expectation_config": {"meta": {}, "expectation_type": "expect_table_columns_to_match_ordered_list", "kwargs": {"column_list": ["vendor_id", "pickup_datetime", "dropoff_datetime", "passenger_count", "trip_distance", "rate_code_id", "store_and_fwd_flag", "pickup_location_id", "dropoff_location_id", "payment_type", "fare_amount", "extra", "mta_tax", "tip_amount", "tolls_amount", "improvement_surcharge", "total_amount", "congestion_surcharge"]}}}, {"meta": {}, "success": true, "result": {"observed_value": 10000}, "exception_info": {"raised_exception": false, "exception_traceback": null, "exception_message": null}, "expectation_config": {"meta": {}, "expectation_type": "expect_table_row_count_to_be_between", "kwargs": {"max_value": 10000, "min_value": 10000}}}, {"meta": {}, "success": false, "result": {"observed_value": 0}, "exception_info": {"raised_exception": false, "exception_traceback": null, "exception_message": null}, "expectation_config": {"meta": {}, "expectation_type": "expect_column_min_to_be_between", "kwargs": {"column": "passenger_count", "max_value": 1, "min_value": 1}}}, {"meta": {}, "success": true, "result": {"observed_value": 6}, "exception_info": {"raised_exception": false, "exception_traceback": null, "exception_message": null}, "expectation_config": {"meta": {}, "expectation_type": "expect_column_max_to_be_between", "kwargs": {"column": "passenger_count", "max_value": 6, "min_value": 6}}}, {"meta": {}, "success": false, "result": {"observed_value": 1.3577}, "exception_info": {"raised_exception": false, "exception_traceback": null, "exception_message": null}, "expectation_config": {"meta": {}, "expectation_type": "expect_column_mean_to_be_between", "kwargs": {"column": "passenger_count", "max_value": 1.5716, "min_value": 1.5716}}}, {"meta": {}, "success": true, "result": {"observed_value": 1.0}, "exception_info": {"raised_exception": false, "exception_traceback": null, "exception_message": null}, "expectation_config": {"meta": {}, "expectation_type": "expect_column_median_to_be_between", "kwargs": {"column": "passenger_count", "max_value": 1.0, "min_value": 1.0}}}, {"meta": {}, "success": false, "result": {"observed_value": {"quantiles": [0.05, 0.25, 0.5, 0.75, 0.95], "values": [0, 1, 1, 1, 5]}, "details": {"success_details": [false, true, true, false, true]}}, "exception_info": {"raised_exception": false, "exception_traceback": null, "exception_message": null}, "expectation_config": {"meta": {}, "expectation_type": "expect_column_quantile_values_to_be_between", "kwargs": {"allow_relative_error": "lower", "column": "passenger_count", "quantile_ranges": {"quantiles": [0.05, 0.25, 0.5, 0.75, 0.95], "value_ranges": [[1, 1], [1, 1], [1, 1], [2, 2], [5, 5]]}}}}, {"meta": {}, "success": false, "result": {"element_count": 10000, "unexpected_count": 1579, "unexpected_percent": 15.790000000000001, "partial_unexpected_list": [0, 0, 0, 0, 0, 0, 0, 0, 0, 0, 0, 0, 0, 0, 0, 0, 0, 0, 0, 0], "missing_count": 0, "missing_percent": 0.0, "unexpected_percent_total": 15.790000000000001, "unexpected_percent_nonmissing": 15.790000000000001, "partial_unexpected_index_list": null, "partial_unexpected_counts": [{"value": 0, "count": 20}]}, "exception_info": {"raised_exception": false, "exception_traceback": null, "exception_message": null}, "expectation_config": {"meta": {}, "expectation_type": "expect_column_values_to_be_in_set", "kwargs": {"column": "passenger_count", "value_set": [1, 2, 3, 4, 5, 6]}}}, {"meta": {}, "success": true, "result": {"element_count": 10000, "unexpected_count": 0, "unexpected_percent": 0.0, "partial_unexpected_list": [], "partial_unexpected_index_list": null, "partial_unexpected_counts": []}, "exception_info": {"raised_exception": false, "exception_traceback": null, "exception_message": null}, "expectation_config": {"meta": {}, "expectation_type": "expect_column_values_to_not_be_null", "kwargs": {"column": "passenger_count"}}}, {"meta": {}, "success": false, "result": {"observed_value": 0.0007}, "exception_info": {"raised_exception": false, "exception_traceback": null, "exception_message": null}, "expectation_config": {"meta": {}, "expectation_type": "expect_column_proportion_of_unique_values_to_be_between", "kwargs": {"column": "passenger_count", "max_value": 0.0006, "min_value": 0.0006}}}, {"meta": {}, "success": true, "result": {"observed_value": "int64"}, "exception_info": {"raised_exception": false, "exception_traceback": null, "exception_message": null}, "expectation_config": {"meta": {}, "expectation_type": "expect_column_values_to_be_in_type_list", "kwargs": {"column": "passenger_count", "type_list": ["INTEGER", "integer", "int", "int_", "int8", "int16", "int32", "int64", "uint8", "uint16", "uint32", "uint64", "INT", "INTEGER", "INT64", "TINYINT", "BYTEINT", "SMALLINT", "BIGINT", "IntegerType", "LongType"]}}}, {"meta": {}, "success": true, "result": {"observed_value": 0.0}, "exception_info": {"raised_exception": false, "exception_traceback": null, "exception_message": null}, "expectation_config": {"meta": {}, "expectation_type": "expect_column_min_to_be_between", "kwargs": {"column": "trip_distance", "max_value": 0.0, "min_value": 0.0}}}, {"meta": {}, "success": false, "result": {"observed_value": 37.52}, "exception_info": {"raised_exception": false, "exception_traceback": null, "exception_message": null}, "expectation_config": {"meta": {}, "expectation_type": "expect_column_max_to_be_between", "kwargs": {"column": "trip_distance", "max_value": 57.95, "min_value": 57.95}}}, {"meta": {}, "success": false, "result": {"observed_value": 2.849045}, "exception_info": {"raised_exception": false, "exception_traceback": null, "exception_message": null}, "expectation_config": {"meta": {}, "expectation_type": "expect_column_mean_to_be_between", "kwargs": {"column": "trip_distance", "max_value": 2.7589909999999995, "min_value": 2.7589909999999995}}}, {"meta": {}, "success": false, "result": {"observed_value": 1.6}, "exception_info": {"raised_exception": false, "exception_traceback": null, "exception_message": null}, "expectation_config": {"meta": {}, "expectation_type": "expect_column_median_to_be_between", "kwargs": {"column": "trip_distance", "max_value": 1.53, "min_value": 1.53}}}, {"meta": {}, "success": false, "result": {"observed_value": {"quantiles": [0.05, 0.25, 0.5, 0.75, 0.95], "values": [0.48, 0.95, 1.6, 2.85, 10.7]}, "details": {"success_details": [false, false, false, false, false]}}, "exception_info": {"raised_exception": false, "exception_traceback": null, "exception_message": null}, "expectation_config": {"meta": {}, "expectation_type": "expect_column_quantile_values_to_be_between", "kwargs": {"allow_relative_error": "lower", "column": "trip_distance", "quantile_ranges": {"quantiles": [0.05, 0.25, 0.5, 0.75, 0.95], "value_ranges": [[0.45, 0.45], [0.9, 0.9], [1.53, 1.53], [2.79, 2.79], [10.31, 10.31]]}}}}, {"meta": {}, "success": true, "result": {"element_count": 10000, "unexpected_count": 0, "unexpected_percent": 0.0, "partial_unexpected_list": [], "partial_unexpected_index_list": null, "partial_unexpected_counts": []}, "exception_info": {"raised_exception": false, "exception_traceback": null, "exception_message": null}, "expectation_config": {"meta": {}, "expectation_type": "expect_column_values_to_not_be_null", "kwargs": {"column": "trip_distance"}}}, {"meta": {}, "success": false, "result": {"observed_value": 0.12}, "exception_info": {"raised_exception": false, "exception_traceback": null, "exception_message": null}, "expectation_config": {"meta": {}, "expectation_type": "expect_column_proportion_of_unique_values_to_be_between", "kwargs": {"column": "trip_distance", "max_value": 0.1184, "min_value": 0.1184}}}, {"meta": {}, "success": true, "result": {"observed_value": "float64"}, "exception_info": {"raised_exception": false, "exception_traceback": null, "exception_message": null}, "expectation_config": {"meta": {}, "expectation_type": "expect_column_values_to_be_in_type_list", "kwargs": {"column": "trip_distance", "type_list": ["FLOAT", "FLOAT4", "FLOAT8", "FLOAT64", "DOUBLE", "DOUBLE_PRECISION", "NUMERIC", "FloatType", "DoubleType", "float_", "float16", "float32", "float64", "number", "DECIMAL", "REAL"]}}}], "evaluation_parameters": {}, "statistics": {"evaluated_expectations": 19, "successful_expectations": null, "unsuccessful_expectations": null, "success_percent": 47.368421052631575}}